<?xml version="1.0" encoding="UTF-8"?>
<config xmlns="http://www.knime.org/2008/09/XMLConfig" xmlns:xsi="http://www.w3.org/2001/XMLSchema-instance" xsi:schemaLocation="http://www.knime.org/2008/09/XMLConfig http://www.knime.org/XMLConfig_2008_09.xsd" key="model.xml">
<entry key="version" type="xint" value="1"/>
<entry key="class_name" type="xstring" value="org.knime.base.data.normalize.NormalizerPortObject"/>
<config key="model">
<config key="columns">
<config key="age">
<entry key="column_name" type="xstring" value="age"/>
<entry key="column_scale" type="xdouble" value="0.09696159641290858"/>
<entry key="column_translate" type="xdouble" value="-3.8894806147395142"/>
<entry key="column_min" type="xdouble" value="NaN"/>
<entry key="column_max" type="xdouble" value="NaN"/>
</config>
<config key="duration">
<entry key="column_name" type="xstring" value="duration"/>
<entry key="column_scale" type="xdouble" value="0.003926130080502522"/>
<entry key="column_translate" type="xdouble" value="-1.0081833084361087"/>
<entry key="column_min" type="xdouble" value="NaN"/>
<entry key="column_max" type="xdouble" value="NaN"/>
</config>
<config key="campaign">
<entry key="column_name" type="xstring" value="campaign"/>
<entry key="column_scale" type="xdouble" value="0.3893839546114109"/>
<entry key="column_translate" type="xdouble" value="-0.9879707962233208"/>
<entry key="column_min" type="xdouble" value="NaN"/>
<entry key="column_max" type="xdouble" value="NaN"/>
</config>
<config key="pdays">
<entry key="column_name" type="xstring" value="pdays"/>
<entry key="column_scale" type="xdouble" value="0.005210428745224862"/>
<entry key="column_translate" type="xdouble" value="-5.004211385556171"/>
<entry key="column_min" type="xdouble" value="NaN"/>
<entry key="column_max" type="xdouble" value="NaN"/>
</config>
<config key="previous">
<entry key="column_name" type="xstring" value="previous"/>
<entry key="column_scale" type="xdouble" value="1.845739298460518"/>
<entry key="column_translate" type="xdouble" value="-0.35131333090387096"/>
<entry key="column_min" type="xdouble" value="NaN"/>
<entry key="column_max" type="xdouble" value="NaN"/>
</config>
<config key="emp.var.rate">
<entry key="column_name" type="xstring" value="emp.var.rate"/>
<entry key="column_scale" type="xdouble" value="0.6397484177937284"/>
<entry key="column_translate" type="xdouble" value="-0.054360754121826955"/>
<entry key="column_min" type="xdouble" value="NaN"/>
<entry key="column_max" type="xdouble" value="NaN"/>
</config>
<config key="cons.price.idx">
<entry key="column_name" type="xstring" value="cons.price.idx"/>
<entry key="column_scale" type="xdouble" value="1.726075882764691"/>
<entry key="column_translate" type="xdouble" value="-161.52567070357867"/>
<entry key="column_min" type="xdouble" value="NaN"/>
<entry key="column_max" type="xdouble" value="NaN"/>
</config>
<config key="cons.conf.idx">
<entry key="column_name" type="xstring" value="cons.conf.idx"/>
<entry key="column_scale" type="xdouble" value="0.21764786827773047"/>
<entry key="column_translate" type="xdouble" value="8.814543157330473"/>
<entry key="column_min" type="xdouble" value="NaN"/>
<entry key="column_max" type="xdouble" value="NaN"/>
</config>
<config key="euribor3m">
<entry key="column_name" type="xstring" value="euribor3m"/>
<entry key="column_scale" type="xdouble" value="0.5768372537337599"/>
<entry key="column_translate" type="xdouble" value="-2.08893285881358"/>
<entry key="column_min" type="xdouble" value="NaN"/>
<entry key="column_max" type="xdouble" value="NaN"/>
</config>
<config key="nr.employed">
<entry key="column_name" type="xstring" value="nr.employed"/>
<entry key="column_scale" type="xdouble" value="0.013574432713744521"/>
<entry key="column_translate" type="xdouble" value="-70.1320581299515"/>
<entry key="column_min" type="xdouble" value="NaN"/>
<entry key="column_max" type="xdouble" value="NaN"/>
</config>
</config>
<entry key="summary" type="xstring" value="Z-Score (Gaussian) normalization on 10 column(s)"/>
</config>
</config>
