<?xml version="1.0" encoding="UTF-8"?>
<config xmlns="http://www.knime.org/2008/09/XMLConfig" xmlns:xsi="http://www.w3.org/2001/XMLSchema-instance" xsi:schemaLocation="http://www.knime.org/2008/09/XMLConfig http://www.knime.org/XMLConfig_2008_09.xsd" key="model.xml">
<entry key="version" type="xint" value="1"/>
<entry key="class_name" type="xstring" value="org.knime.base.data.normalize.NormalizerPortObject"/>
<config key="model">
<config key="columns">
<config key="age">
<entry key="column_name" type="xstring" value="age"/>
<entry key="column_scale" type="xdouble" value="0.09595777875298325"/>
<entry key="column_translate" type="xdouble" value="-3.8406199332295485"/>
<entry key="column_min" type="xdouble" value="NaN"/>
<entry key="column_max" type="xdouble" value="NaN"/>
</config>
<config key="duration">
<entry key="column_name" type="xstring" value="duration"/>
<entry key="column_scale" type="xdouble" value="0.0038568454841163445"/>
<entry key="column_translate" type="xdouble" value="-0.9961653751938034"/>
<entry key="column_min" type="xdouble" value="NaN"/>
<entry key="column_max" type="xdouble" value="NaN"/>
</config>
<config key="campaign">
<entry key="column_name" type="xstring" value="campaign"/>
<entry key="column_scale" type="xdouble" value="0.3610090653030655"/>
<entry key="column_translate" type="xdouble" value="-0.926924169468302"/>
<entry key="column_min" type="xdouble" value="NaN"/>
<entry key="column_max" type="xdouble" value="NaN"/>
</config>
<config key="pdays">
<entry key="column_name" type="xstring" value="pdays"/>
<entry key="column_scale" type="xdouble" value="0.005350142558323703"/>
<entry key="column_translate" type="xdouble" value="-5.1493808878715"/>
<entry key="column_min" type="xdouble" value="NaN"/>
<entry key="column_max" type="xdouble" value="NaN"/>
</config>
<config key="previous">
<entry key="column_name" type="xstring" value="previous"/>
<entry key="column_scale" type="xdouble" value="2.0206058154585773"/>
<entry key="column_translate" type="xdouble" value="-0.3494900415006037"/>
<entry key="column_min" type="xdouble" value="NaN"/>
<entry key="column_max" type="xdouble" value="NaN"/>
</config>
<config key="emp.var.rate">
<entry key="column_name" type="xstring" value="emp.var.rate"/>
<entry key="column_scale" type="xdouble" value="0.6365535501698351"/>
<entry key="column_translate" type="xdouble" value="-0.0521245061342609"/>
<entry key="column_min" type="xdouble" value="NaN"/>
<entry key="column_max" type="xdouble" value="NaN"/>
</config>
<config key="cons.price.idx">
<entry key="column_name" type="xstring" value="cons.price.idx"/>
<entry key="column_scale" type="xdouble" value="1.7275929711617153"/>
<entry key="column_translate" type="xdouble" value="-161.6606600343978"/>
<entry key="column_min" type="xdouble" value="NaN"/>
<entry key="column_max" type="xdouble" value="NaN"/>
</config>
<config key="cons.conf.idx">
<entry key="column_name" type="xstring" value="cons.conf.idx"/>
<entry key="column_scale" type="xdouble" value="0.21606682148773726"/>
<entry key="column_translate" type="xdouble" value="8.75126810274288"/>
<entry key="column_min" type="xdouble" value="NaN"/>
<entry key="column_max" type="xdouble" value="NaN"/>
</config>
<config key="euribor3m">
<entry key="column_name" type="xstring" value="euribor3m"/>
<entry key="column_scale" type="xdouble" value="0.5765525072729206"/>
<entry key="column_translate" type="xdouble" value="-2.087864297717726"/>
<entry key="column_min" type="xdouble" value="NaN"/>
<entry key="column_max" type="xdouble" value="NaN"/>
</config>
<config key="nr.employed">
<entry key="column_name" type="xstring" value="nr.employed"/>
<entry key="column_scale" type="xdouble" value="0.013854622943079535"/>
<entry key="column_translate" type="xdouble" value="-71.58710012869683"/>
<entry key="column_min" type="xdouble" value="NaN"/>
<entry key="column_max" type="xdouble" value="NaN"/>
</config>
</config>
<entry key="summary" type="xstring" value="Z-Score (Gaussian) normalization on 10 column(s)"/>
</config>
</config>
